{
  "sheetsById": {
    "Scene": {
      "staticOverrides": {
        "byObject": {
          "camera": {
            "near": 0.1,
            "position": {
              "x": 8.830000000000005,
              "y": 2.5500000000000056,
              "z": 9.379999999999992
            },
            "rotation": {
              "x": 0.030000000000000047,
              "y": 0.73,
              "z": 0
            },
            "far": 70,
            "zoom": 1,
            "scale": {
              "y": 1
            }
          },
          "test": {
            "position": {
              "x": 2.11,
              "y": 1.3100000000000005,
              "z": 0.9800000000000002
            },
            "rotation": {
              "x": 0.6100000000000003,
              "y": 0.4700000000000002,
              "z": 0.13
            },
            "far": 1923.6000000000004,
            "near": -6.9
          },
          "he": {
            "position": {
              "x": 0
            }
          },
          "Camera": {
            "position": {
              "x": 0,
              "y": 0,
              "z": 15
            },
            "fov": 50
          },
          "eeee": {
            "scale": {
              "x": 0.01,
              "y": 0.01,
              "z": 0.3
            },
            "near": 15.000000000000004,
            "far": 90.7999999999999,
            "position": {
              "x": 7.6299999999999795,
              "y": 4.449999999999995,
              "z": 7.960000000000013
            },
            "rotation": {
              "x": -0.22,
              "y": 0.6800000000000005,
              "z": 0.11999999999999995
            }
          },
          "Camera 2": {},
          "Camera 3": {
            "rotation": {
              "y": 0.6700000000000008,
              "x": -0.5500000000000004,
              "z": 0.37
            },
            "position": {
              "x": 9.359999999999992,
              "y": 145.57662109839026,
              "z": 6.745092192727917
            },
            "near": -10000,
            "far": 10000
          }
        }
      },
      "sequence": {
        "subUnitsPerUnit": 30,
        "length": 6.75,
        "type": "PositionalSequence",
        "tracksByObject": {
          "Camera": {
            "trackData": {
              "JZtDqOqLV7": {
                "type": "BasicKeyframedTrack",
                "__debugName": "Camera:[\"position\",\"x\"]",
                "keyframes": [
                  {
                    "id": "2f7cOuh7BE",
                    "position": 0,
                    "connectedRight": true,
                    "handles": [
                      0.5,
                      1,
                      0.39,
                      0.575
                    ],
                    "type": "bezier",
                    "value": 0
                  },
                  {
                    "id": "YWC9_lEM3r",
                    "position": 5,
                    "connectedRight": true,
                    "handles": [
                      0.565,
                      1,
                      0.5,
                      0
                    ],
                    "type": "bezier",
                    "value": 1.099999999999999
                  },
                  {
                    "id": "FtVHHrW70M",
                    "position": 6,
                    "connectedRight": true,
                    "handles": [
                      0.5,
                      1,
                      0.5,
                      0
                    ],
                    "type": "bezier",
                    "value": 1.3
                  }
                ]
              },
              "ahZymSfmND": {
                "type": "BasicKeyframedTrack",
                "__debugName": "Camera:[\"position\",\"y\"]",
                "keyframes": [
                  {
                    "id": "O49h4EI_ID",
                    "position": 0,
                    "connectedRight": true,
                    "handles": [
                      0.5,
                      1,
                      0.5,
                      0
                    ],
                    "type": "bezier",
                    "value": 0
                  },
                  {
                    "id": "Jig4-ueC6e",
                    "position": 5,
                    "connectedRight": true,
                    "handles": [
                      0.5,
                      1,
                      0.5,
                      0
                    ],
                    "type": "bezier",
                    "value": 2.389999999999997
                  },
                  {
                    "id": "iccOmZgoBX",
                    "position": 6,
                    "connectedRight": true,
                    "handles": [
                      0.5,
                      1,
                      0.5,
                      0
                    ],
                    "type": "bezier",
                    "value": 2.7
                  }
                ]
              },
              "5MSK0QQHSh": {
                "type": "BasicKeyframedTrack",
                "__debugName": "Camera:[\"position\",\"z\"]",
                "keyframes": [
                  {
                    "id": "Mr_X0gq73G",
                    "position": 0,
                    "connectedRight": true,
                    "handles": [
                      0.5,
                      1,
                      0.5,
                      0
                    ],
                    "type": "bezier",
                    "value": 15
                  },
                  {
                    "id": "Fiv42dz7ro",
                    "position": 5,
                    "connectedRight": true,
                    "handles": [
                      0.5,
                      1,
                      0.5,
                      0
                    ],
                    "type": "bezier",
                    "value": 0.19999999999998816
                  }
                ]
              },
              "RsVYCmK5PA": {
                "type": "BasicKeyframedTrack",
                "__debugName": "Camera:[\"rotation\",\"x\"]",
                "keyframes": [
                  {
                    "id": "G7IDF8V18n",
                    "position": 0,
                    "connectedRight": true,
                    "handles": [
                      0.5,
                      1,
                      0.5,
                      0
                    ],
                    "type": "bezier",
                    "value": 0
                  },
                  {
                    "id": "H44gT6Q-9Q",
                    "position": 5,
                    "connectedRight": true,
                    "handles": [
                      0.5,
                      1,
                      0.5,
                      0
                    ],
                    "type": "bezier",
                    "value": 0.25
                  },
                  {
                    "id": "zBKkcQFppG",
                    "position": 6,
                    "connectedRight": true,
                    "handles": [
                      0.5,
                      1,
                      0.5,
                      0
                    ],
                    "type": "bezier",
                    "value": 0.27
                  }
                ]
              },
              "mJvvdcaYmL": {
                "type": "BasicKeyframedTrack",
                "__debugName": "Camera:[\"rotation\",\"y\"]",
                "keyframes": [
                  {
                    "id": "700kvWukH-",
                    "position": 0,
                    "connectedRight": true,
                    "handles": [
                      0.5,
                      1,
                      0.5,
                      0
                    ],
                    "type": "bezier",